Folder	File	all/selected	Sample	Cell	Full_path
bam/RPE-BM510/all	BM510x04_PE20301.sort.mdup	all	RPE-BM510	BM510x04_PE20301	bam/RPE-BM510/all/BM510x04_PE20301.sort.mdup.bam
bam/RPE-BM510/all	BM510x04_PE20302.sort.mdup	all	RPE-BM510	BM510x04_PE20302	bam/RPE-BM510/all/BM510x04_PE20302.sort.mdup.bam
bam/RPE-BM510/all	BM510x04_PE20303.sort.mdup	all	RPE-BM510	BM510x04_PE20303	bam/RPE-BM510/all/BM510x04_PE20303.sort.mdup.bam
bam/RPE-BM510/all	BM510x04_PE20304.sort.mdup	all	RPE-BM510	BM510x04_PE20304	bam/RPE-BM510/all/BM510x04_PE20304.sort.mdup.bam
bam/RPE-BM510/all	BM510x04_PE20305.sort.mdup	all	RPE-BM510	BM510x04_PE20305	bam/RPE-BM510/all/BM510x04_PE20305.sort.mdup.bam
bam/RPE-BM510/all	BM510x04_PE20306.sort.mdup	all	RPE-BM510	BM510x04_PE20306	bam/RPE-BM510/all/BM510x04_PE20306.sort.mdup.bam
bam/RPE-BM510/all	BM510x04_PE20307.sort.mdup	all	RPE-BM510	BM510x04_PE20307	bam/RPE-BM510/all/BM510x04_PE20307.sort.mdup.bam
bam/RPE-BM510/all	BM510x04_PE20308.sort.mdup	all	RPE-BM510	BM510x04_PE20308	bam/RPE-BM510/all/BM510x04_PE20308.sort.mdup.bam
bam/RPE-BM510/all	BM510x04_PE20309.sort.mdup	all	RPE-BM510	BM510x04_PE20309	bam/RPE-BM510/all/BM510x04_PE20309.sort.mdup.bam
bam/RPE-BM510/all	BM510x04_PE20310.sort.mdup	all	RPE-BM510	BM510x04_PE20310	bam/RPE-BM510/all/BM510x04_PE20310.sort.mdup.bam
bam/RPE-BM510/all	BM510x04_PE20311.sort.mdup	all	RPE-BM510	BM510x04_PE20311	bam/RPE-BM510/all/BM510x04_PE20311.sort.mdup.bam
bam/RPE-BM510/all	BM510x04_PE20312.sort.mdup	all	RPE-BM510	BM510x04_PE20312	bam/RPE-BM510/all/BM510x04_PE20312.sort.mdup.bam
bam/RPE-BM510/all	BM510x04_PE20313.sort.mdup	all	RPE-BM510	BM510x04_PE20313	bam/RPE-BM510/all/BM510x04_PE20313.sort.mdup.bam
bam/RPE-BM510/all	BM510x04_PE20314.sort.mdup	all	RPE-BM510	BM510x04_PE20314	bam/RPE-BM510/all/BM510x04_PE20314.sort.mdup.bam
bam/RPE-BM510/all	BM510x04_PE20315.sort.mdup	all	RPE-BM510	BM510x04_PE20315	bam/RPE-BM510/all/BM510x04_PE20315.sort.mdup.bam
bam/RPE-BM510/all	BM510x04_PE20316.sort.mdup	all	RPE-BM510	BM510x04_PE20316	bam/RPE-BM510/all/BM510x04_PE20316.sort.mdup.bam
bam/RPE-BM510/all	BM510x04_PE20317.sort.mdup	all	RPE-BM510	BM510x04_PE20317	bam/RPE-BM510/all/BM510x04_PE20317.sort.mdup.bam
bam/RPE-BM510/all	BM510x04_PE20318.sort.mdup	all	RPE-BM510	BM510x04_PE20318	bam/RPE-BM510/all/BM510x04_PE20318.sort.mdup.bam
bam/RPE-BM510/all	BM510x04_PE20319.sort.mdup	all	RPE-BM510	BM510x04_PE20319	bam/RPE-BM510/all/BM510x04_PE20319.sort.mdup.bam
bam/RPE-BM510/all	BM510x04_PE20320.sort.mdup	all	RPE-BM510	BM510x04_PE20320	bam/RPE-BM510/all/BM510x04_PE20320.sort.mdup.bam
bam/RPE-BM510/all	BM510x04_PE20321.sort.mdup	all	RPE-BM510	BM510x04_PE20321	bam/RPE-BM510/all/BM510x04_PE20321.sort.mdup.bam
bam/RPE-BM510/all	BM510x04_PE20322.sort.mdup	all	RPE-BM510	BM510x04_PE20322	bam/RPE-BM510/all/BM510x04_PE20322.sort.mdup.bam
bam/RPE-BM510/all	BM510x04_PE20323.sort.mdup	all	RPE-BM510	BM510x04_PE20323	bam/RPE-BM510/all/BM510x04_PE20323.sort.mdup.bam
bam/RPE-BM510/all	BM510x04_PE20324.sort.mdup	all	RPE-BM510	BM510x04_PE20324	bam/RPE-BM510/all/BM510x04_PE20324.sort.mdup.bam
bam/RPE-BM510/all	BM510x04_PE20325.sort.mdup	all	RPE-BM510	BM510x04_PE20325	bam/RPE-BM510/all/BM510x04_PE20325.sort.mdup.bam
bam/RPE-BM510/all	BM510x04_PE20326.sort.mdup	all	RPE-BM510	BM510x04_PE20326	bam/RPE-BM510/all/BM510x04_PE20326.sort.mdup.bam
bam/RPE-BM510/all	BM510x04_PE20327.sort.mdup	all	RPE-BM510	BM510x04_PE20327	bam/RPE-BM510/all/BM510x04_PE20327.sort.mdup.bam
bam/RPE-BM510/all	BM510x04_PE20328.sort.mdup	all	RPE-BM510	BM510x04_PE20328	bam/RPE-BM510/all/BM510x04_PE20328.sort.mdup.bam
bam/RPE-BM510/all	BM510x04_PE20329.sort.mdup	all	RPE-BM510	BM510x04_PE20329	bam/RPE-BM510/all/BM510x04_PE20329.sort.mdup.bam
bam/RPE-BM510/all	BM510x04_PE20330.sort.mdup	all	RPE-BM510	BM510x04_PE20330	bam/RPE-BM510/all/BM510x04_PE20330.sort.mdup.bam
bam/RPE-BM510/all	BM510x04_PE20331.sort.mdup	all	RPE-BM510	BM510x04_PE20331	bam/RPE-BM510/all/BM510x04_PE20331.sort.mdup.bam
bam/RPE-BM510/all	BM510x04_PE20332.sort.mdup	all	RPE-BM510	BM510x04_PE20332	bam/RPE-BM510/all/BM510x04_PE20332.sort.mdup.bam
bam/RPE-BM510/all	BM510x04_PE20333.sort.mdup	all	RPE-BM510	BM510x04_PE20333	bam/RPE-BM510/all/BM510x04_PE20333.sort.mdup.bam
bam/RPE-BM510/all	BM510x04_PE20334.sort.mdup	all	RPE-BM510	BM510x04_PE20334	bam/RPE-BM510/all/BM510x04_PE20334.sort.mdup.bam
bam/RPE-BM510/all	BM510x04_PE20335.sort.mdup	all	RPE-BM510	BM510x04_PE20335	bam/RPE-BM510/all/BM510x04_PE20335.sort.mdup.bam
bam/RPE-BM510/all	BM510x04_PE20336.sort.mdup	all	RPE-BM510	BM510x04_PE20336	bam/RPE-BM510/all/BM510x04_PE20336.sort.mdup.bam
bam/RPE-BM510/all	BM510x04_PE20337.sort.mdup	all	RPE-BM510	BM510x04_PE20337	bam/RPE-BM510/all/BM510x04_PE20337.sort.mdup.bam
bam/RPE-BM510/all	BM510x04_PE20338.sort.mdup	all	RPE-BM510	BM510x04_PE20338	bam/RPE-BM510/all/BM510x04_PE20338.sort.mdup.bam
bam/RPE-BM510/all	BM510x04_PE20339.sort.mdup	all	RPE-BM510	BM510x04_PE20339	bam/RPE-BM510/all/BM510x04_PE20339.sort.mdup.bam
bam/RPE-BM510/all	BM510x04_PE20340.sort.mdup	all	RPE-BM510	BM510x04_PE20340	bam/RPE-BM510/all/BM510x04_PE20340.sort.mdup.bam
bam/RPE-BM510/all	BM510x04_PE20341.sort.mdup	all	RPE-BM510	BM510x04_PE20341	bam/RPE-BM510/all/BM510x04_PE20341.sort.mdup.bam
bam/RPE-BM510/all	BM510x04_PE20342.sort.mdup	all	RPE-BM510	BM510x04_PE20342	bam/RPE-BM510/all/BM510x04_PE20342.sort.mdup.bam
bam/RPE-BM510/all	BM510x04_PE20343.sort.mdup	all	RPE-BM510	BM510x04_PE20343	bam/RPE-BM510/all/BM510x04_PE20343.sort.mdup.bam
bam/RPE-BM510/all	BM510x04_PE20344.sort.mdup	all	RPE-BM510	BM510x04_PE20344	bam/RPE-BM510/all/BM510x04_PE20344.sort.mdup.bam
bam/RPE-BM510/all	BM510x04_PE20345.sort.mdup	all	RPE-BM510	BM510x04_PE20345	bam/RPE-BM510/all/BM510x04_PE20345.sort.mdup.bam
bam/RPE-BM510/all	BM510x04_PE20346.sort.mdup	all	RPE-BM510	BM510x04_PE20346	bam/RPE-BM510/all/BM510x04_PE20346.sort.mdup.bam
bam/RPE-BM510/all	BM510x04_PE20347.sort.mdup	all	RPE-BM510	BM510x04_PE20347	bam/RPE-BM510/all/BM510x04_PE20347.sort.mdup.bam
bam/RPE-BM510/all	BM510x04_PE20348.sort.mdup	all	RPE-BM510	BM510x04_PE20348	bam/RPE-BM510/all/BM510x04_PE20348.sort.mdup.bam
bam/RPE-BM510/all	BM510x04_PE20349.sort.mdup	all	RPE-BM510	BM510x04_PE20349	bam/RPE-BM510/all/BM510x04_PE20349.sort.mdup.bam
bam/RPE-BM510/all	BM510x04_PE20350.sort.mdup	all	RPE-BM510	BM510x04_PE20350	bam/RPE-BM510/all/BM510x04_PE20350.sort.mdup.bam
bam/RPE-BM510/all	BM510x04_PE20352.sort.mdup	all	RPE-BM510	BM510x04_PE20352	bam/RPE-BM510/all/BM510x04_PE20352.sort.mdup.bam
bam/RPE-BM510/all	BM510x04_PE20353.sort.mdup	all	RPE-BM510	BM510x04_PE20353	bam/RPE-BM510/all/BM510x04_PE20353.sort.mdup.bam
bam/RPE-BM510/all	BM510x04_PE20354.sort.mdup	all	RPE-BM510	BM510x04_PE20354	bam/RPE-BM510/all/BM510x04_PE20354.sort.mdup.bam
bam/RPE-BM510/all	BM510x04_PE20355.sort.mdup	all	RPE-BM510	BM510x04_PE20355	bam/RPE-BM510/all/BM510x04_PE20355.sort.mdup.bam
bam/RPE-BM510/all	BM510x04_PE20356.sort.mdup	all	RPE-BM510	BM510x04_PE20356	bam/RPE-BM510/all/BM510x04_PE20356.sort.mdup.bam
bam/RPE-BM510/all	BM510x04_PE20357.sort.mdup	all	RPE-BM510	BM510x04_PE20357	bam/RPE-BM510/all/BM510x04_PE20357.sort.mdup.bam
bam/RPE-BM510/all	BM510x04_PE20358.sort.mdup	all	RPE-BM510	BM510x04_PE20358	bam/RPE-BM510/all/BM510x04_PE20358.sort.mdup.bam
bam/RPE-BM510/all	BM510x04_PE20359.sort.mdup	all	RPE-BM510	BM510x04_PE20359	bam/RPE-BM510/all/BM510x04_PE20359.sort.mdup.bam
bam/RPE-BM510/all	BM510x04_PE20360.sort.mdup	all	RPE-BM510	BM510x04_PE20360	bam/RPE-BM510/all/BM510x04_PE20360.sort.mdup.bam
bam/RPE-BM510/all	BM510x04_PE20361.sort.mdup	all	RPE-BM510	BM510x04_PE20361	bam/RPE-BM510/all/BM510x04_PE20361.sort.mdup.bam
bam/RPE-BM510/all	BM510x04_PE20362.sort.mdup	all	RPE-BM510	BM510x04_PE20362	bam/RPE-BM510/all/BM510x04_PE20362.sort.mdup.bam
bam/RPE-BM510/all	BM510x04_PE20363.sort.mdup	all	RPE-BM510	BM510x04_PE20363	bam/RPE-BM510/all/BM510x04_PE20363.sort.mdup.bam
bam/RPE-BM510/all	BM510x04_PE20364.sort.mdup	all	RPE-BM510	BM510x04_PE20364	bam/RPE-BM510/all/BM510x04_PE20364.sort.mdup.bam
bam/RPE-BM510/all	BM510x04_PE20365.sort.mdup	all	RPE-BM510	BM510x04_PE20365	bam/RPE-BM510/all/BM510x04_PE20365.sort.mdup.bam
bam/RPE-BM510/all	BM510x04_PE20366.sort.mdup	all	RPE-BM510	BM510x04_PE20366	bam/RPE-BM510/all/BM510x04_PE20366.sort.mdup.bam
bam/RPE-BM510/all	BM510x04_PE20367.sort.mdup	all	RPE-BM510	BM510x04_PE20367	bam/RPE-BM510/all/BM510x04_PE20367.sort.mdup.bam
bam/RPE-BM510/all	BM510x04_PE20368.sort.mdup	all	RPE-BM510	BM510x04_PE20368	bam/RPE-BM510/all/BM510x04_PE20368.sort.mdup.bam
bam/RPE-BM510/all	BM510x04_PE20369.sort.mdup	all	RPE-BM510	BM510x04_PE20369	bam/RPE-BM510/all/BM510x04_PE20369.sort.mdup.bam
bam/RPE-BM510/all	BM510x04_PE20370.sort.mdup	all	RPE-BM510	BM510x04_PE20370	bam/RPE-BM510/all/BM510x04_PE20370.sort.mdup.bam
bam/RPE-BM510/all	BM510x04_PE20371.sort.mdup	all	RPE-BM510	BM510x04_PE20371	bam/RPE-BM510/all/BM510x04_PE20371.sort.mdup.bam
bam/RPE-BM510/all	BM510x04_PE20372.sort.mdup	all	RPE-BM510	BM510x04_PE20372	bam/RPE-BM510/all/BM510x04_PE20372.sort.mdup.bam
bam/RPE-BM510/all	BM510x04_PE20373.sort.mdup	all	RPE-BM510	BM510x04_PE20373	bam/RPE-BM510/all/BM510x04_PE20373.sort.mdup.bam
bam/RPE-BM510/all	BM510x04_PE20374.sort.mdup	all	RPE-BM510	BM510x04_PE20374	bam/RPE-BM510/all/BM510x04_PE20374.sort.mdup.bam
bam/RPE-BM510/all	BM510x04_PE20375.sort.mdup	all	RPE-BM510	BM510x04_PE20375	bam/RPE-BM510/all/BM510x04_PE20375.sort.mdup.bam
bam/RPE-BM510/all	BM510x04_PE20376.sort.mdup	all	RPE-BM510	BM510x04_PE20376	bam/RPE-BM510/all/BM510x04_PE20376.sort.mdup.bam
bam/RPE-BM510/all	BM510x04_PE20377.sort.mdup	all	RPE-BM510	BM510x04_PE20377	bam/RPE-BM510/all/BM510x04_PE20377.sort.mdup.bam
bam/RPE-BM510/all	BM510x04_PE20378.sort.mdup	all	RPE-BM510	BM510x04_PE20378	bam/RPE-BM510/all/BM510x04_PE20378.sort.mdup.bam
bam/RPE-BM510/all	BM510x04_PE20379.sort.mdup	all	RPE-BM510	BM510x04_PE20379	bam/RPE-BM510/all/BM510x04_PE20379.sort.mdup.bam
bam/RPE-BM510/all	BM510x04_PE20380.sort.mdup	all	RPE-BM510	BM510x04_PE20380	bam/RPE-BM510/all/BM510x04_PE20380.sort.mdup.bam
bam/RPE-BM510/all	BM510x04_PE20381.sort.mdup	all	RPE-BM510	BM510x04_PE20381	bam/RPE-BM510/all/BM510x04_PE20381.sort.mdup.bam
bam/RPE-BM510/all	BM510x04_PE20382.sort.mdup	all	RPE-BM510	BM510x04_PE20382	bam/RPE-BM510/all/BM510x04_PE20382.sort.mdup.bam
bam/RPE-BM510/all	BM510x04_PE20383.sort.mdup	all	RPE-BM510	BM510x04_PE20383	bam/RPE-BM510/all/BM510x04_PE20383.sort.mdup.bam
bam/RPE-BM510/all	BM510x04_PE20384.sort.mdup	all	RPE-BM510	BM510x04_PE20384	bam/RPE-BM510/all/BM510x04_PE20384.sort.mdup.bam
bam/RPE-BM510/all	BM510x04_PE20385.sort.mdup	all	RPE-BM510	BM510x04_PE20385	bam/RPE-BM510/all/BM510x04_PE20385.sort.mdup.bam
bam/RPE-BM510/all	BM510x04_PE20386.sort.mdup	all	RPE-BM510	BM510x04_PE20386	bam/RPE-BM510/all/BM510x04_PE20386.sort.mdup.bam
bam/RPE-BM510/all	BM510x04_PE20387.sort.mdup	all	RPE-BM510	BM510x04_PE20387	bam/RPE-BM510/all/BM510x04_PE20387.sort.mdup.bam
bam/RPE-BM510/all	BM510x04_PE20388.sort.mdup	all	RPE-BM510	BM510x04_PE20388	bam/RPE-BM510/all/BM510x04_PE20388.sort.mdup.bam
bam/RPE-BM510/all	BM510x04_PE20389.sort.mdup	all	RPE-BM510	BM510x04_PE20389	bam/RPE-BM510/all/BM510x04_PE20389.sort.mdup.bam
bam/RPE-BM510/all	BM510x04_PE20390.sort.mdup	all	RPE-BM510	BM510x04_PE20390	bam/RPE-BM510/all/BM510x04_PE20390.sort.mdup.bam
bam/RPE-BM510/all	BM510x04_PE20391.sort.mdup	all	RPE-BM510	BM510x04_PE20391	bam/RPE-BM510/all/BM510x04_PE20391.sort.mdup.bam
bam/RPE-BM510/all	BM510x04_PE20392.sort.mdup	all	RPE-BM510	BM510x04_PE20392	bam/RPE-BM510/all/BM510x04_PE20392.sort.mdup.bam
bam/RPE-BM510/all	BM510x04_PE20393.sort.mdup	all	RPE-BM510	BM510x04_PE20393	bam/RPE-BM510/all/BM510x04_PE20393.sort.mdup.bam
bam/RPE-BM510/all	BM510x04_PE20394.sort.mdup	all	RPE-BM510	BM510x04_PE20394	bam/RPE-BM510/all/BM510x04_PE20394.sort.mdup.bam
bam/RPE-BM510/all	BM510x04_PE20395.sort.mdup	all	RPE-BM510	BM510x04_PE20395	bam/RPE-BM510/all/BM510x04_PE20395.sort.mdup.bam
bam/RPE-BM510/all	BM510x04_PE20396.sort.mdup	all	RPE-BM510	BM510x04_PE20396	bam/RPE-BM510/all/BM510x04_PE20396.sort.mdup.bam
bam/RPE-BM510/all	BM510x3PE20401.sort.mdup	all	RPE-BM510	BM510x3PE20401	bam/RPE-BM510/all/BM510x3PE20401.sort.mdup.bam
bam/RPE-BM510/all	BM510x3PE20402.sort.mdup	all	RPE-BM510	BM510x3PE20402	bam/RPE-BM510/all/BM510x3PE20402.sort.mdup.bam
bam/RPE-BM510/all	BM510x3PE20403.sort.mdup	all	RPE-BM510	BM510x3PE20403	bam/RPE-BM510/all/BM510x3PE20403.sort.mdup.bam
bam/RPE-BM510/all	BM510x3PE20404.sort.mdup	all	RPE-BM510	BM510x3PE20404	bam/RPE-BM510/all/BM510x3PE20404.sort.mdup.bam
bam/RPE-BM510/all	BM510x3PE20405.sort.mdup	all	RPE-BM510	BM510x3PE20405	bam/RPE-BM510/all/BM510x3PE20405.sort.mdup.bam
bam/RPE-BM510/all	BM510x3PE20406.sort.mdup	all	RPE-BM510	BM510x3PE20406	bam/RPE-BM510/all/BM510x3PE20406.sort.mdup.bam
bam/RPE-BM510/all	BM510x3PE20407.sort.mdup	all	RPE-BM510	BM510x3PE20407	bam/RPE-BM510/all/BM510x3PE20407.sort.mdup.bam
bam/RPE-BM510/all	BM510x3PE20408.sort.mdup	all	RPE-BM510	BM510x3PE20408	bam/RPE-BM510/all/BM510x3PE20408.sort.mdup.bam
bam/RPE-BM510/all	BM510x3PE20409.sort.mdup	all	RPE-BM510	BM510x3PE20409	bam/RPE-BM510/all/BM510x3PE20409.sort.mdup.bam
bam/RPE-BM510/all	BM510x3PE20410.sort.mdup	all	RPE-BM510	BM510x3PE20410	bam/RPE-BM510/all/BM510x3PE20410.sort.mdup.bam
bam/RPE-BM510/all	BM510x3PE20411.sort.mdup	all	RPE-BM510	BM510x3PE20411	bam/RPE-BM510/all/BM510x3PE20411.sort.mdup.bam
bam/RPE-BM510/all	BM510x3PE20412.sort.mdup	all	RPE-BM510	BM510x3PE20412	bam/RPE-BM510/all/BM510x3PE20412.sort.mdup.bam
bam/RPE-BM510/all	BM510x3PE20413.sort.mdup	all	RPE-BM510	BM510x3PE20413	bam/RPE-BM510/all/BM510x3PE20413.sort.mdup.bam
bam/RPE-BM510/all	BM510x3PE20414.sort.mdup	all	RPE-BM510	BM510x3PE20414	bam/RPE-BM510/all/BM510x3PE20414.sort.mdup.bam
bam/RPE-BM510/all	BM510x3PE20415.sort.mdup	all	RPE-BM510	BM510x3PE20415	bam/RPE-BM510/all/BM510x3PE20415.sort.mdup.bam
bam/RPE-BM510/all	BM510x3PE20416.sort.mdup	all	RPE-BM510	BM510x3PE20416	bam/RPE-BM510/all/BM510x3PE20416.sort.mdup.bam
bam/RPE-BM510/all	BM510x3PE20417.sort.mdup	all	RPE-BM510	BM510x3PE20417	bam/RPE-BM510/all/BM510x3PE20417.sort.mdup.bam
bam/RPE-BM510/all	BM510x3PE20418.sort.mdup	all	RPE-BM510	BM510x3PE20418	bam/RPE-BM510/all/BM510x3PE20418.sort.mdup.bam
bam/RPE-BM510/all	BM510x3PE20419.sort.mdup	all	RPE-BM510	BM510x3PE20419	bam/RPE-BM510/all/BM510x3PE20419.sort.mdup.bam
bam/RPE-BM510/all	BM510x3PE20420.sort.mdup	all	RPE-BM510	BM510x3PE20420	bam/RPE-BM510/all/BM510x3PE20420.sort.mdup.bam
bam/RPE-BM510/all	BM510x3PE20421.sort.mdup	all	RPE-BM510	BM510x3PE20421	bam/RPE-BM510/all/BM510x3PE20421.sort.mdup.bam
bam/RPE-BM510/all	BM510x3PE20422.sort.mdup	all	RPE-BM510	BM510x3PE20422	bam/RPE-BM510/all/BM510x3PE20422.sort.mdup.bam
bam/RPE-BM510/all	BM510x3PE20423.sort.mdup	all	RPE-BM510	BM510x3PE20423	bam/RPE-BM510/all/BM510x3PE20423.sort.mdup.bam
bam/RPE-BM510/all	BM510x3PE20424.sort.mdup	all	RPE-BM510	BM510x3PE20424	bam/RPE-BM510/all/BM510x3PE20424.sort.mdup.bam
bam/RPE-BM510/all	BM510x3PE20425.sort.mdup	all	RPE-BM510	BM510x3PE20425	bam/RPE-BM510/all/BM510x3PE20425.sort.mdup.bam
bam/RPE-BM510/all	BM510x3PE20426.sort.mdup	all	RPE-BM510	BM510x3PE20426	bam/RPE-BM510/all/BM510x3PE20426.sort.mdup.bam
bam/RPE-BM510/all	BM510x3PE20427.sort.mdup	all	RPE-BM510	BM510x3PE20427	bam/RPE-BM510/all/BM510x3PE20427.sort.mdup.bam
bam/RPE-BM510/all	BM510x3PE20428.sort.mdup	all	RPE-BM510	BM510x3PE20428	bam/RPE-BM510/all/BM510x3PE20428.sort.mdup.bam
bam/RPE-BM510/all	BM510x3PE20429.sort.mdup	all	RPE-BM510	BM510x3PE20429	bam/RPE-BM510/all/BM510x3PE20429.sort.mdup.bam
bam/RPE-BM510/all	BM510x3PE20430.sort.mdup	all	RPE-BM510	BM510x3PE20430	bam/RPE-BM510/all/BM510x3PE20430.sort.mdup.bam
bam/RPE-BM510/all	BM510x3PE20431.sort.mdup	all	RPE-BM510	BM510x3PE20431	bam/RPE-BM510/all/BM510x3PE20431.sort.mdup.bam
bam/RPE-BM510/all	BM510x3PE20432.sort.mdup	all	RPE-BM510	BM510x3PE20432	bam/RPE-BM510/all/BM510x3PE20432.sort.mdup.bam
bam/RPE-BM510/all	BM510x3PE20433.sort.mdup	all	RPE-BM510	BM510x3PE20433	bam/RPE-BM510/all/BM510x3PE20433.sort.mdup.bam
bam/RPE-BM510/all	BM510x3PE20434.sort.mdup	all	RPE-BM510	BM510x3PE20434	bam/RPE-BM510/all/BM510x3PE20434.sort.mdup.bam
bam/RPE-BM510/all	BM510x3PE20435.sort.mdup	all	RPE-BM510	BM510x3PE20435	bam/RPE-BM510/all/BM510x3PE20435.sort.mdup.bam
bam/RPE-BM510/all	BM510x3PE20436.sort.mdup	all	RPE-BM510	BM510x3PE20436	bam/RPE-BM510/all/BM510x3PE20436.sort.mdup.bam
bam/RPE-BM510/all	BM510x3PE20437.sort.mdup	all	RPE-BM510	BM510x3PE20437	bam/RPE-BM510/all/BM510x3PE20437.sort.mdup.bam
bam/RPE-BM510/all	BM510x3PE20438.sort.mdup	all	RPE-BM510	BM510x3PE20438	bam/RPE-BM510/all/BM510x3PE20438.sort.mdup.bam
bam/RPE-BM510/all	BM510x3PE20439.sort.mdup	all	RPE-BM510	BM510x3PE20439	bam/RPE-BM510/all/BM510x3PE20439.sort.mdup.bam
bam/RPE-BM510/all	BM510x3PE20440.sort.mdup	all	RPE-BM510	BM510x3PE20440	bam/RPE-BM510/all/BM510x3PE20440.sort.mdup.bam
bam/RPE-BM510/all	BM510x3PE20441.sort.mdup	all	RPE-BM510	BM510x3PE20441	bam/RPE-BM510/all/BM510x3PE20441.sort.mdup.bam
bam/RPE-BM510/all	BM510x3PE20442.sort.mdup	all	RPE-BM510	BM510x3PE20442	bam/RPE-BM510/all/BM510x3PE20442.sort.mdup.bam
bam/RPE-BM510/all	BM510x3PE20443.sort.mdup	all	RPE-BM510	BM510x3PE20443	bam/RPE-BM510/all/BM510x3PE20443.sort.mdup.bam
bam/RPE-BM510/all	BM510x3PE20444.sort.mdup	all	RPE-BM510	BM510x3PE20444	bam/RPE-BM510/all/BM510x3PE20444.sort.mdup.bam
bam/RPE-BM510/all	BM510x3PE20445.sort.mdup	all	RPE-BM510	BM510x3PE20445	bam/RPE-BM510/all/BM510x3PE20445.sort.mdup.bam
bam/RPE-BM510/all	BM510x3PE20446.sort.mdup	all	RPE-BM510	BM510x3PE20446	bam/RPE-BM510/all/BM510x3PE20446.sort.mdup.bam
bam/RPE-BM510/all	BM510x3PE20447.sort.mdup	all	RPE-BM510	BM510x3PE20447	bam/RPE-BM510/all/BM510x3PE20447.sort.mdup.bam
bam/RPE-BM510/all	BM510x3PE20448.sort.mdup	all	RPE-BM510	BM510x3PE20448	bam/RPE-BM510/all/BM510x3PE20448.sort.mdup.bam
bam/RPE-BM510/all	BM510x3PE20449.sort.mdup	all	RPE-BM510	BM510x3PE20449	bam/RPE-BM510/all/BM510x3PE20449.sort.mdup.bam
bam/RPE-BM510/all	BM510x3PE20450.sort.mdup	all	RPE-BM510	BM510x3PE20450	bam/RPE-BM510/all/BM510x3PE20450.sort.mdup.bam
bam/RPE-BM510/all	BM510x3PE20452.sort.mdup	all	RPE-BM510	BM510x3PE20452	bam/RPE-BM510/all/BM510x3PE20452.sort.mdup.bam
bam/RPE-BM510/all	BM510x3PE20453.sort.mdup	all	RPE-BM510	BM510x3PE20453	bam/RPE-BM510/all/BM510x3PE20453.sort.mdup.bam
bam/RPE-BM510/all	BM510x3PE20454.sort.mdup	all	RPE-BM510	BM510x3PE20454	bam/RPE-BM510/all/BM510x3PE20454.sort.mdup.bam
bam/RPE-BM510/all	BM510x3PE20455.sort.mdup	all	RPE-BM510	BM510x3PE20455	bam/RPE-BM510/all/BM510x3PE20455.sort.mdup.bam
bam/RPE-BM510/all	BM510x3PE20456.sort.mdup	all	RPE-BM510	BM510x3PE20456	bam/RPE-BM510/all/BM510x3PE20456.sort.mdup.bam
bam/RPE-BM510/all	BM510x3PE20457.sort.mdup	all	RPE-BM510	BM510x3PE20457	bam/RPE-BM510/all/BM510x3PE20457.sort.mdup.bam
bam/RPE-BM510/all	BM510x3PE20458.sort.mdup	all	RPE-BM510	BM510x3PE20458	bam/RPE-BM510/all/BM510x3PE20458.sort.mdup.bam
bam/RPE-BM510/all	BM510x3PE20459.sort.mdup	all	RPE-BM510	BM510x3PE20459	bam/RPE-BM510/all/BM510x3PE20459.sort.mdup.bam
bam/RPE-BM510/all	BM510x3PE20460.sort.mdup	all	RPE-BM510	BM510x3PE20460	bam/RPE-BM510/all/BM510x3PE20460.sort.mdup.bam
bam/RPE-BM510/all	BM510x3PE20461.sort.mdup	all	RPE-BM510	BM510x3PE20461	bam/RPE-BM510/all/BM510x3PE20461.sort.mdup.bam
bam/RPE-BM510/all	BM510x3PE20462.sort.mdup	all	RPE-BM510	BM510x3PE20462	bam/RPE-BM510/all/BM510x3PE20462.sort.mdup.bam
bam/RPE-BM510/all	BM510x3PE20463.sort.mdup	all	RPE-BM510	BM510x3PE20463	bam/RPE-BM510/all/BM510x3PE20463.sort.mdup.bam
bam/RPE-BM510/all	BM510x3PE20464.sort.mdup	all	RPE-BM510	BM510x3PE20464	bam/RPE-BM510/all/BM510x3PE20464.sort.mdup.bam
bam/RPE-BM510/all	BM510x3PE20465.sort.mdup	all	RPE-BM510	BM510x3PE20465	bam/RPE-BM510/all/BM510x3PE20465.sort.mdup.bam
bam/RPE-BM510/all	BM510x3PE20466.sort.mdup	all	RPE-BM510	BM510x3PE20466	bam/RPE-BM510/all/BM510x3PE20466.sort.mdup.bam
bam/RPE-BM510/all	BM510x3PE20467.sort.mdup	all	RPE-BM510	BM510x3PE20467	bam/RPE-BM510/all/BM510x3PE20467.sort.mdup.bam
bam/RPE-BM510/all	BM510x3PE20468.sort.mdup	all	RPE-BM510	BM510x3PE20468	bam/RPE-BM510/all/BM510x3PE20468.sort.mdup.bam
bam/RPE-BM510/all	BM510x3PE20469.sort.mdup	all	RPE-BM510	BM510x3PE20469	bam/RPE-BM510/all/BM510x3PE20469.sort.mdup.bam
bam/RPE-BM510/all	BM510x3PE20470.sort.mdup	all	RPE-BM510	BM510x3PE20470	bam/RPE-BM510/all/BM510x3PE20470.sort.mdup.bam
bam/RPE-BM510/all	BM510x3PE20471.sort.mdup	all	RPE-BM510	BM510x3PE20471	bam/RPE-BM510/all/BM510x3PE20471.sort.mdup.bam
bam/RPE-BM510/all	BM510x3PE20472.sort.mdup	all	RPE-BM510	BM510x3PE20472	bam/RPE-BM510/all/BM510x3PE20472.sort.mdup.bam
bam/RPE-BM510/all	BM510x3PE20473.sort.mdup	all	RPE-BM510	BM510x3PE20473	bam/RPE-BM510/all/BM510x3PE20473.sort.mdup.bam
bam/RPE-BM510/all	BM510x3PE20474.sort.mdup	all	RPE-BM510	BM510x3PE20474	bam/RPE-BM510/all/BM510x3PE20474.sort.mdup.bam
bam/RPE-BM510/all	BM510x3PE20475.sort.mdup	all	RPE-BM510	BM510x3PE20475	bam/RPE-BM510/all/BM510x3PE20475.sort.mdup.bam
bam/RPE-BM510/all	BM510x3PE20476.sort.mdup	all	RPE-BM510	BM510x3PE20476	bam/RPE-BM510/all/BM510x3PE20476.sort.mdup.bam
bam/RPE-BM510/all	BM510x3PE20477.sort.mdup	all	RPE-BM510	BM510x3PE20477	bam/RPE-BM510/all/BM510x3PE20477.sort.mdup.bam
bam/RPE-BM510/all	BM510x3PE20478.sort.mdup	all	RPE-BM510	BM510x3PE20478	bam/RPE-BM510/all/BM510x3PE20478.sort.mdup.bam
bam/RPE-BM510/all	BM510x3PE20479.sort.mdup	all	RPE-BM510	BM510x3PE20479	bam/RPE-BM510/all/BM510x3PE20479.sort.mdup.bam
bam/RPE-BM510/all	BM510x3PE20480.sort.mdup	all	RPE-BM510	BM510x3PE20480	bam/RPE-BM510/all/BM510x3PE20480.sort.mdup.bam
bam/RPE-BM510/all	BM510x3PE20481.sort.mdup	all	RPE-BM510	BM510x3PE20481	bam/RPE-BM510/all/BM510x3PE20481.sort.mdup.bam
bam/RPE-BM510/all	BM510x3PE20482.sort.mdup	all	RPE-BM510	BM510x3PE20482	bam/RPE-BM510/all/BM510x3PE20482.sort.mdup.bam
bam/RPE-BM510/all	BM510x3PE20483.sort.mdup	all	RPE-BM510	BM510x3PE20483	bam/RPE-BM510/all/BM510x3PE20483.sort.mdup.bam
bam/RPE-BM510/all	BM510x3PE20484.sort.mdup	all	RPE-BM510	BM510x3PE20484	bam/RPE-BM510/all/BM510x3PE20484.sort.mdup.bam
bam/RPE-BM510/all	BM510x3PE20485.sort.mdup	all	RPE-BM510	BM510x3PE20485	bam/RPE-BM510/all/BM510x3PE20485.sort.mdup.bam
bam/RPE-BM510/all	BM510x3PE20486.sort.mdup	all	RPE-BM510	BM510x3PE20486	bam/RPE-BM510/all/BM510x3PE20486.sort.mdup.bam
bam/RPE-BM510/all	BM510x3PE20487.sort.mdup	all	RPE-BM510	BM510x3PE20487	bam/RPE-BM510/all/BM510x3PE20487.sort.mdup.bam
bam/RPE-BM510/all	BM510x3PE20488.sort.mdup	all	RPE-BM510	BM510x3PE20488	bam/RPE-BM510/all/BM510x3PE20488.sort.mdup.bam
bam/RPE-BM510/all	BM510x3PE20489.sort.mdup	all	RPE-BM510	BM510x3PE20489	bam/RPE-BM510/all/BM510x3PE20489.sort.mdup.bam
bam/RPE-BM510/all	BM510x3PE20491.sort.mdup	all	RPE-BM510	BM510x3PE20491	bam/RPE-BM510/all/BM510x3PE20491.sort.mdup.bam
bam/RPE-BM510/all	BM510x3PE20492.sort.mdup	all	RPE-BM510	BM510x3PE20492	bam/RPE-BM510/all/BM510x3PE20492.sort.mdup.bam
bam/RPE-BM510/all	BM510x3PE20493.sort.mdup	all	RPE-BM510	BM510x3PE20493	bam/RPE-BM510/all/BM510x3PE20493.sort.mdup.bam
bam/RPE-BM510/all	BM510x3PE20494.sort.mdup	all	RPE-BM510	BM510x3PE20494	bam/RPE-BM510/all/BM510x3PE20494.sort.mdup.bam
bam/RPE-BM510/all	BM510x3PE20495.sort.mdup	all	RPE-BM510	BM510x3PE20495	bam/RPE-BM510/all/BM510x3PE20495.sort.mdup.bam
bam/RPE-BM510/all	BM510x3PE20496.sort.mdup	all	RPE-BM510	BM510x3PE20496	bam/RPE-BM510/all/BM510x3PE20496.sort.mdup.bam
bam/RPE-BM510/selected	BM510x04_PE20301.sort.mdup	selected	RPE-BM510	BM510x04_PE20301	bam/RPE-BM510/selected/BM510x04_PE20301.sort.mdup.bam
bam/RPE-BM510/selected	BM510x04_PE20302.sort.mdup	selected	RPE-BM510	BM510x04_PE20302	bam/RPE-BM510/selected/BM510x04_PE20302.sort.mdup.bam
bam/RPE-BM510/selected	BM510x04_PE20303.sort.mdup	selected	RPE-BM510	BM510x04_PE20303	bam/RPE-BM510/selected/BM510x04_PE20303.sort.mdup.bam
bam/RPE-BM510/selected	BM510x04_PE20304.sort.mdup	selected	RPE-BM510	BM510x04_PE20304	bam/RPE-BM510/selected/BM510x04_PE20304.sort.mdup.bam
bam/RPE-BM510/selected	BM510x04_PE20305.sort.mdup	selected	RPE-BM510	BM510x04_PE20305	bam/RPE-BM510/selected/BM510x04_PE20305.sort.mdup.bam
bam/RPE-BM510/selected	BM510x04_PE20306.sort.mdup	selected	RPE-BM510	BM510x04_PE20306	bam/RPE-BM510/selected/BM510x04_PE20306.sort.mdup.bam
bam/RPE-BM510/selected	BM510x04_PE20307.sort.mdup	selected	RPE-BM510	BM510x04_PE20307	bam/RPE-BM510/selected/BM510x04_PE20307.sort.mdup.bam
bam/RPE-BM510/selected	BM510x04_PE20308.sort.mdup	selected	RPE-BM510	BM510x04_PE20308	bam/RPE-BM510/selected/BM510x04_PE20308.sort.mdup.bam
bam/RPE-BM510/selected	BM510x04_PE20309.sort.mdup	selected	RPE-BM510	BM510x04_PE20309	bam/RPE-BM510/selected/BM510x04_PE20309.sort.mdup.bam
bam/RPE-BM510/selected	BM510x04_PE20310.sort.mdup	selected	RPE-BM510	BM510x04_PE20310	bam/RPE-BM510/selected/BM510x04_PE20310.sort.mdup.bam
bam/RPE-BM510/selected	BM510x04_PE20311.sort.mdup	selected	RPE-BM510	BM510x04_PE20311	bam/RPE-BM510/selected/BM510x04_PE20311.sort.mdup.bam
bam/RPE-BM510/selected	BM510x04_PE20312.sort.mdup	selected	RPE-BM510	BM510x04_PE20312	bam/RPE-BM510/selected/BM510x04_PE20312.sort.mdup.bam
bam/RPE-BM510/selected	BM510x04_PE20313.sort.mdup	selected	RPE-BM510	BM510x04_PE20313	bam/RPE-BM510/selected/BM510x04_PE20313.sort.mdup.bam
bam/RPE-BM510/selected	BM510x04_PE20314.sort.mdup	selected	RPE-BM510	BM510x04_PE20314	bam/RPE-BM510/selected/BM510x04_PE20314.sort.mdup.bam
bam/RPE-BM510/selected	BM510x04_PE20316.sort.mdup	selected	RPE-BM510	BM510x04_PE20316	bam/RPE-BM510/selected/BM510x04_PE20316.sort.mdup.bam
bam/RPE-BM510/selected	BM510x04_PE20317.sort.mdup	selected	RPE-BM510	BM510x04_PE20317	bam/RPE-BM510/selected/BM510x04_PE20317.sort.mdup.bam
bam/RPE-BM510/selected	BM510x04_PE20318.sort.mdup	selected	RPE-BM510	BM510x04_PE20318	bam/RPE-BM510/selected/BM510x04_PE20318.sort.mdup.bam
bam/RPE-BM510/selected	BM510x04_PE20319.sort.mdup	selected	RPE-BM510	BM510x04_PE20319	bam/RPE-BM510/selected/BM510x04_PE20319.sort.mdup.bam
bam/RPE-BM510/selected	BM510x04_PE20321.sort.mdup	selected	RPE-BM510	BM510x04_PE20321	bam/RPE-BM510/selected/BM510x04_PE20321.sort.mdup.bam
bam/RPE-BM510/selected	BM510x04_PE20322.sort.mdup	selected	RPE-BM510	BM510x04_PE20322	bam/RPE-BM510/selected/BM510x04_PE20322.sort.mdup.bam
bam/RPE-BM510/selected	BM510x04_PE20325.sort.mdup	selected	RPE-BM510	BM510x04_PE20325	bam/RPE-BM510/selected/BM510x04_PE20325.sort.mdup.bam
bam/RPE-BM510/selected	BM510x04_PE20328.sort.mdup	selected	RPE-BM510	BM510x04_PE20328	bam/RPE-BM510/selected/BM510x04_PE20328.sort.mdup.bam
bam/RPE-BM510/selected	BM510x04_PE20329.sort.mdup	selected	RPE-BM510	BM510x04_PE20329	bam/RPE-BM510/selected/BM510x04_PE20329.sort.mdup.bam
bam/RPE-BM510/selected	BM510x04_PE20330.sort.mdup	selected	RPE-BM510	BM510x04_PE20330	bam/RPE-BM510/selected/BM510x04_PE20330.sort.mdup.bam
bam/RPE-BM510/selected	BM510x04_PE20331.sort.mdup	selected	RPE-BM510	BM510x04_PE20331	bam/RPE-BM510/selected/BM510x04_PE20331.sort.mdup.bam
bam/RPE-BM510/selected	BM510x04_PE20332.sort.mdup	selected	RPE-BM510	BM510x04_PE20332	bam/RPE-BM510/selected/BM510x04_PE20332.sort.mdup.bam
bam/RPE-BM510/selected	BM510x04_PE20333.sort.mdup	selected	RPE-BM510	BM510x04_PE20333	bam/RPE-BM510/selected/BM510x04_PE20333.sort.mdup.bam
bam/RPE-BM510/selected	BM510x04_PE20334.sort.mdup	selected	RPE-BM510	BM510x04_PE20334	bam/RPE-BM510/selected/BM510x04_PE20334.sort.mdup.bam
bam/RPE-BM510/selected	BM510x04_PE20335.sort.mdup	selected	RPE-BM510	BM510x04_PE20335	bam/RPE-BM510/selected/BM510x04_PE20335.sort.mdup.bam
bam/RPE-BM510/selected	BM510x04_PE20336.sort.mdup	selected	RPE-BM510	BM510x04_PE20336	bam/RPE-BM510/selected/BM510x04_PE20336.sort.mdup.bam
bam/RPE-BM510/selected	BM510x04_PE20337.sort.mdup	selected	RPE-BM510	BM510x04_PE20337	bam/RPE-BM510/selected/BM510x04_PE20337.sort.mdup.bam
bam/RPE-BM510/selected	BM510x04_PE20339.sort.mdup	selected	RPE-BM510	BM510x04_PE20339	bam/RPE-BM510/selected/BM510x04_PE20339.sort.mdup.bam
bam/RPE-BM510/selected	BM510x04_PE20340.sort.mdup	selected	RPE-BM510	BM510x04_PE20340	bam/RPE-BM510/selected/BM510x04_PE20340.sort.mdup.bam
bam/RPE-BM510/selected	BM510x04_PE20342.sort.mdup	selected	RPE-BM510	BM510x04_PE20342	bam/RPE-BM510/selected/BM510x04_PE20342.sort.mdup.bam
bam/RPE-BM510/selected	BM510x04_PE20343.sort.mdup	selected	RPE-BM510	BM510x04_PE20343	bam/RPE-BM510/selected/BM510x04_PE20343.sort.mdup.bam
bam/RPE-BM510/selected	BM510x04_PE20344.sort.mdup	selected	RPE-BM510	BM510x04_PE20344	bam/RPE-BM510/selected/BM510x04_PE20344.sort.mdup.bam
bam/RPE-BM510/selected	BM510x04_PE20345.sort.mdup	selected	RPE-BM510	BM510x04_PE20345	bam/RPE-BM510/selected/BM510x04_PE20345.sort.mdup.bam
bam/RPE-BM510/selected	BM510x04_PE20347.sort.mdup	selected	RPE-BM510	BM510x04_PE20347	bam/RPE-BM510/selected/BM510x04_PE20347.sort.mdup.bam
bam/RPE-BM510/selected	BM510x04_PE20348.sort.mdup	selected	RPE-BM510	BM510x04_PE20348	bam/RPE-BM510/selected/BM510x04_PE20348.sort.mdup.bam
bam/RPE-BM510/selected	BM510x04_PE20353.sort.mdup	selected	RPE-BM510	BM510x04_PE20353	bam/RPE-BM510/selected/BM510x04_PE20353.sort.mdup.bam
bam/RPE-BM510/selected	BM510x04_PE20355.sort.mdup	selected	RPE-BM510	BM510x04_PE20355	bam/RPE-BM510/selected/BM510x04_PE20355.sort.mdup.bam
bam/RPE-BM510/selected	BM510x04_PE20356.sort.mdup	selected	RPE-BM510	BM510x04_PE20356	bam/RPE-BM510/selected/BM510x04_PE20356.sort.mdup.bam
bam/RPE-BM510/selected	BM510x04_PE20357.sort.mdup	selected	RPE-BM510	BM510x04_PE20357	bam/RPE-BM510/selected/BM510x04_PE20357.sort.mdup.bam
bam/RPE-BM510/selected	BM510x04_PE20358.sort.mdup	selected	RPE-BM510	BM510x04_PE20358	bam/RPE-BM510/selected/BM510x04_PE20358.sort.mdup.bam
bam/RPE-BM510/selected	BM510x04_PE20359.sort.mdup	selected	RPE-BM510	BM510x04_PE20359	bam/RPE-BM510/selected/BM510x04_PE20359.sort.mdup.bam
bam/RPE-BM510/selected	BM510x04_PE20360.sort.mdup	selected	RPE-BM510	BM510x04_PE20360	bam/RPE-BM510/selected/BM510x04_PE20360.sort.mdup.bam
bam/RPE-BM510/selected	BM510x04_PE20361.sort.mdup	selected	RPE-BM510	BM510x04_PE20361	bam/RPE-BM510/selected/BM510x04_PE20361.sort.mdup.bam
bam/RPE-BM510/selected	BM510x04_PE20362.sort.mdup	selected	RPE-BM510	BM510x04_PE20362	bam/RPE-BM510/selected/BM510x04_PE20362.sort.mdup.bam
bam/RPE-BM510/selected	BM510x04_PE20363.sort.mdup	selected	RPE-BM510	BM510x04_PE20363	bam/RPE-BM510/selected/BM510x04_PE20363.sort.mdup.bam
bam/RPE-BM510/selected	BM510x04_PE20365.sort.mdup	selected	RPE-BM510	BM510x04_PE20365	bam/RPE-BM510/selected/BM510x04_PE20365.sort.mdup.bam
bam/RPE-BM510/selected	BM510x04_PE20366.sort.mdup	selected	RPE-BM510	BM510x04_PE20366	bam/RPE-BM510/selected/BM510x04_PE20366.sort.mdup.bam
bam/RPE-BM510/selected	BM510x04_PE20367.sort.mdup	selected	RPE-BM510	BM510x04_PE20367	bam/RPE-BM510/selected/BM510x04_PE20367.sort.mdup.bam
bam/RPE-BM510/selected	BM510x04_PE20368.sort.mdup	selected	RPE-BM510	BM510x04_PE20368	bam/RPE-BM510/selected/BM510x04_PE20368.sort.mdup.bam
bam/RPE-BM510/selected	BM510x04_PE20370.sort.mdup	selected	RPE-BM510	BM510x04_PE20370	bam/RPE-BM510/selected/BM510x04_PE20370.sort.mdup.bam
bam/RPE-BM510/selected	BM510x04_PE20371.sort.mdup	selected	RPE-BM510	BM510x04_PE20371	bam/RPE-BM510/selected/BM510x04_PE20371.sort.mdup.bam
bam/RPE-BM510/selected	BM510x04_PE20372.sort.mdup	selected	RPE-BM510	BM510x04_PE20372	bam/RPE-BM510/selected/BM510x04_PE20372.sort.mdup.bam
bam/RPE-BM510/selected	BM510x04_PE20373.sort.mdup	selected	RPE-BM510	BM510x04_PE20373	bam/RPE-BM510/selected/BM510x04_PE20373.sort.mdup.bam
bam/RPE-BM510/selected	BM510x04_PE20374.sort.mdup	selected	RPE-BM510	BM510x04_PE20374	bam/RPE-BM510/selected/BM510x04_PE20374.sort.mdup.bam
bam/RPE-BM510/selected	BM510x04_PE20375.sort.mdup	selected	RPE-BM510	BM510x04_PE20375	bam/RPE-BM510/selected/BM510x04_PE20375.sort.mdup.bam
bam/RPE-BM510/selected	BM510x04_PE20377.sort.mdup	selected	RPE-BM510	BM510x04_PE20377	bam/RPE-BM510/selected/BM510x04_PE20377.sort.mdup.bam
bam/RPE-BM510/selected	BM510x04_PE20378.sort.mdup	selected	RPE-BM510	BM510x04_PE20378	bam/RPE-BM510/selected/BM510x04_PE20378.sort.mdup.bam
bam/RPE-BM510/selected	BM510x04_PE20379.sort.mdup	selected	RPE-BM510	BM510x04_PE20379	bam/RPE-BM510/selected/BM510x04_PE20379.sort.mdup.bam
bam/RPE-BM510/selected	BM510x04_PE20380.sort.mdup	selected	RPE-BM510	BM510x04_PE20380	bam/RPE-BM510/selected/BM510x04_PE20380.sort.mdup.bam
bam/RPE-BM510/selected	BM510x04_PE20381.sort.mdup	selected	RPE-BM510	BM510x04_PE20381	bam/RPE-BM510/selected/BM510x04_PE20381.sort.mdup.bam
bam/RPE-BM510/selected	BM510x04_PE20382.sort.mdup	selected	RPE-BM510	BM510x04_PE20382	bam/RPE-BM510/selected/BM510x04_PE20382.sort.mdup.bam
bam/RPE-BM510/selected	BM510x04_PE20383.sort.mdup	selected	RPE-BM510	BM510x04_PE20383	bam/RPE-BM510/selected/BM510x04_PE20383.sort.mdup.bam
bam/RPE-BM510/selected	BM510x04_PE20384.sort.mdup	selected	RPE-BM510	BM510x04_PE20384	bam/RPE-BM510/selected/BM510x04_PE20384.sort.mdup.bam
bam/RPE-BM510/selected	BM510x04_PE20386.sort.mdup	selected	RPE-BM510	BM510x04_PE20386	bam/RPE-BM510/selected/BM510x04_PE20386.sort.mdup.bam
bam/RPE-BM510/selected	BM510x04_PE20387.sort.mdup	selected	RPE-BM510	BM510x04_PE20387	bam/RPE-BM510/selected/BM510x04_PE20387.sort.mdup.bam
bam/RPE-BM510/selected	BM510x04_PE20389.sort.mdup	selected	RPE-BM510	BM510x04_PE20389	bam/RPE-BM510/selected/BM510x04_PE20389.sort.mdup.bam
bam/RPE-BM510/selected	BM510x04_PE20390.sort.mdup	selected	RPE-BM510	BM510x04_PE20390	bam/RPE-BM510/selected/BM510x04_PE20390.sort.mdup.bam
bam/RPE-BM510/selected	BM510x04_PE20392.sort.mdup	selected	RPE-BM510	BM510x04_PE20392	bam/RPE-BM510/selected/BM510x04_PE20392.sort.mdup.bam
bam/RPE-BM510/selected	BM510x04_PE20393.sort.mdup	selected	RPE-BM510	BM510x04_PE20393	bam/RPE-BM510/selected/BM510x04_PE20393.sort.mdup.bam
bam/RPE-BM510/selected	BM510x04_PE20394.sort.mdup	selected	RPE-BM510	BM510x04_PE20394	bam/RPE-BM510/selected/BM510x04_PE20394.sort.mdup.bam
bam/RPE-BM510/selected	BM510x04_PE20395.sort.mdup	selected	RPE-BM510	BM510x04_PE20395	bam/RPE-BM510/selected/BM510x04_PE20395.sort.mdup.bam
